Batch_Date,Merit_Position,Allocated_Institution
JULY 2025 (2016/2017 REPEAT BATCH),1,TH RATHNAPURA
JULY 2025 (2016/2017 REPEAT BATCH),2,DGH MATALE
JULY 2025 (2016/2017 REPEAT BATCH),3,TH KURUNEGALA
JULY 2025 (2016/2017 REPEAT BATCH),4,TH KURUNEGALA
JULY 2025 (2016/2017 REPEAT BATCH),5,TH JAFFNA
JULY 2025 (2016/2017 REPEAT BATCH),6,CNTH RAGAMA
JULY 2025 (2016/2017 REPEAT BATCH),7,CNTH RAGAMA
JULY 2025 (2016/2017 REPEAT BATCH),8,TH KANDY
JULY 2025 (2016/2017 REPEAT BATCH),9,DGH NAWALAPITIYA
JULY 2025 (2016/2017 REPEAT BATCH),10,TH KANDY
JULY 2025 (2016/2017 REPEAT BATCH),11,DGH TRINCOMALEE
JULY 2025 (2016/2017 REPEAT BATCH),12,CSTH KALUBOWILA
JULY 2025 (2016/2017 REPEAT BATCH),13,TH SRI JAYAWARDENAPURA
JULY 2025 (2016/2017 REPEAT BATCH),14,GALLE GROUP
JULY 2025 (2016/2017 REPEAT BATCH),15,TH KANDY
JULY 2025 (2016/2017 REPEAT BATCH),16,TH SRI JAYAWARDENAPURA
JULY 2025 (2016/2017 REPEAT BATCH),17,TH ANURADHAPURA
JULY 2025 (2016/2017 REPEAT BATCH),18,GALLE GROUP
JULY 2025 (2016/2017 REPEAT BATCH),19,BH KULIYAPITIYA
JULY 2025 (2016/2017 REPEAT BATCH),20,NOT APPLIED
JULY 2025 (2016/2017 REPEAT BATCH),21,TH RATHNAPURA
JULY 2025 (2016/2017 REPEAT BATCH),22,CNTH RAGAMA
JULY 2025 (2016/2017 REPEAT BATCH),23,TH SRI JAYAWARDENAPURA
JULY 2025 (2016/2017 REPEAT BATCH),24,TH SRI JAYAWARDENAPURA
JULY 2025 (2016/2017 REPEAT BATCH),25,TH KANDY
JULY 2025 (2016/2017 REPEAT BATCH),26,DGH NEGOMBO
JULY 2025 (2016/2017 REPEAT BATCH),27,TH KANDY
JULY 2025 (2016/2017 REPEAT BATCH),28,COLOMBO GROUP
JULY 2025 (2016/2017 REPEAT BATCH),29,PERADENIYA GROUP
JULY 2025 (2016/2017 REPEAT BATCH),30,PERADENIYA GROUP
JULY 2025 (2016/2017 REPEAT BATCH),31,CSTH KALUBOWILA
JULY 2025 (2016/2017 REPEAT BATCH),32,DGH EMBILIPITIYA
JULY 2025 (2016/2017 REPEAT BATCH),33,TH SRI JAYAWARDENAPURA
JULY 2025 (2016/2017 REPEAT BATCH),34,DGH KEGALLE
JULY 2025 (2016/2017 REPEAT BATCH),35,CSTH KALUBOWILA
JULY 2025 (2016/2017 REPEAT BATCH),36,CSTH KALUBOWILA
JULY 2025 (2016/2017 REPEAT BATCH),37,TH JAFFNA
JULY 2025 (2016/2017 REPEAT BATCH),38,DGH KEGALLE
JULY 2025 (2016/2017 REPEAT BATCH),39,NOT APPLIED
JULY 2025 (2016/2017 REPEAT BATCH),40,CSTH KALUBOWILA
JULY 2025 (2016/2017 REPEAT BATCH),41,TH KURUNEGALA
JULY 2025 (2016/2017 REPEAT BATCH),42,BH PUTTALAM
JULY 2025 (2016/2017 REPEAT BATCH),43,TH ANURADHAPURA
JULY 2025 (2016/2017 REPEAT BATCH),44,COLOMBO GROUP
JULY 2025 (2016/2017 REPEAT BATCH),45,CNTH RAGAMA
JULY 2025 (2016/2017 REPEAT BATCH),46,GALLE GROUP
JULY 2025 (2016/2017 REPEAT BATCH),47,COLOMBO GROUP
JULY 2025 (2016/2017 REPEAT BATCH),48,PERADENIYA GROUP
JULY 2025 (2016/2017 REPEAT BATCH),49,BH WATHUPITIWALA
JULY 2025 (2016/2017 REPEAT BATCH),50,DGH HORANA
JULY 2025 (2016/2017 REPEAT BATCH),51,DGH NAWALAPITIYA
JULY 2025 (2016/2017 REPEAT BATCH),52,TH ANURADHAPURA
JULY 2025 (2016/2017 REPEAT BATCH),53,TH KANDY
JULY 2025 (2016/2017 REPEAT BATCH),54,TH BADULLA
JULY 2025 (2016/2017 REPEAT BATCH),55,TH KALUTARA
JULY 2025 (2016/2017 REPEAT BATCH),56,TH RATHNAPURA
JULY 2025 (2016/2017 REPEAT BATCH),57,BH HOMAGAMA
JULY 2025 (2016/2017 REPEAT BATCH),58,PERADENIYA GROUP
JULY 2025 (2016/2017 REPEAT BATCH),59,TH KURUNEGALA
JULY 2025 (2016/2017 REPEAT BATCH),60,TH KALUTARA
JULY 2025 (2016/2017 REPEAT BATCH),61,TH ANURADHAPURA
JULY 2025 (2016/2017 REPEAT BATCH),62,TH RATHNAPURA
JULY 2025 (2016/2017 REPEAT BATCH),63,TH RATHNAPURA
JULY 2025 (2016/2017 REPEAT BATCH),64,TH RATHNAPURA
JULY 2025 (2016/2017 REPEAT BATCH),65,TH BADULLA
JULY 2025 (2016/2017 REPEAT BATCH),66,COLOMBO GROUP
JULY 2025 (2016/2017 REPEAT BATCH),67,GALLE GROUP
JULY 2025 (2016/2017 REPEAT BATCH),68,TH KURUNEGALA
JULY 2025 (2016/2017 REPEAT BATCH),69,GALLE GROUP
JULY 2025 (2016/2017 REPEAT BATCH),70,TH KALUTARA
JULY 2025 (2016/2017 REPEAT BATCH),71,CSTH KALUBOWILA
JULY 2025 (2016/2017 REPEAT BATCH),72,BH WATHUPITIWALA
JULY 2025 (2016/2017 REPEAT BATCH),73,CNTH RAGAMA
JULY 2025 (2016/2017 REPEAT BATCH),74,DGH CHILLAW
JULY 2025 (2016/2017 REPEAT BATCH),75,TH KURUNEGALA
JULY 2025 (2016/2017 REPEAT BATCH),76,PERADENIYA GROUP
JULY 2025 (2016/2017 REPEAT BATCH),77,GALLE GROUP
JULY 2025 (2016/2017 REPEAT BATCH),78,UNIVERSITY HOSPITAL KDU
JULY 2025 (2016/2017 REPEAT BATCH),79,GALLE GROUP
JULY 2025 (2016/2017 REPEAT BATCH),80,BH WATHUPITIWALA
JULY 2025 (2016/2017 REPEAT BATCH),81,CNTH RAGAMA
JULY 2025 (2016/2017 REPEAT BATCH),82,BH KULIYAPITIYA
JULY 2025 (2016/2017 REPEAT BATCH),83,BH HOMAGAMA
JULY 2025 (2016/2017 REPEAT BATCH),84,TH KALUTARA
JULY 2025 (2016/2017 REPEAT BATCH),85,BH KAMBURUPITIYA
JULY 2025 (2016/2017 REPEAT BATCH),86,TH RATHNAPURA
JULY 2025 (2016/2017 REPEAT BATCH),87,GALLE GROUP
JULY 2025 (2016/2017 REPEAT BATCH),88,BH BALANGODA
JULY 2025 (2016/2017 REPEAT BATCH),89,UNIVERSITY HOSPITAL KDU
JULY 2025 (2016/2017 REPEAT BATCH),90,BH HOMAGAMA
JULY 2025 (2016/2017 REPEAT BATCH),91,TH JAFFNA
JULY 2025 (2016/2017 REPEAT BATCH),92,DGH KEGALLE
JULY 2025 (2016/2017 REPEAT BATCH),93,TH JAFFNA
JULY 2025 (2016/2017 REPEAT BATCH),94,PERADENIYA GROUP
JULY 2025 (2016/2017 REPEAT BATCH),95,DGH NEGOMBO
JULY 2025 (2016/2017 REPEAT BATCH),96,NOT APPLIED
JULY 2025 (2016/2017 REPEAT BATCH),97,GALLE GROUP
JULY 2025 (2016/2017 REPEAT BATCH),98,DGH MATARA
JULY 2025 (2016/2017 REPEAT BATCH),99,CNTH RAGAMA
JULY 2025 (2016/2017 REPEAT BATCH),100,TH ANURADHAPURA
JULY 2025 (2016/2017 REPEAT BATCH),101,TH BATTICALOA
JULY 2025 (2016/2017 REPEAT BATCH),102,DGH MATARA
JULY 2025 (2016/2017 REPEAT BATCH),103,TH ANURADHAPURA
JULY 2025 (2016/2017 REPEAT BATCH),104,COLOMBO GROUP
JULY 2025 (2016/2017 REPEAT BATCH),105,COLOMBO GROUP
JULY 2025 (2016/2017 REPEAT BATCH),106,DGH AWISSAWELLA
JULY 2025 (2016/2017 REPEAT BATCH),107,BH MAWANELLA
JULY 2025 (2016/2017 REPEAT BATCH),108,TH JAFFNA
JULY 2025 (2016/2017 REPEAT BATCH),109,BH WATHUPITIWALA
JULY 2025 (2016/2017 REPEAT BATCH),110,BH PANADURA
JULY 2025 (2016/2017 REPEAT BATCH),111,DGH NUWARAELIYA
JULY 2025 (2016/2017 REPEAT BATCH),112,TH RATHNAPURA
JULY 2025 (2016/2017 REPEAT BATCH),113,TH KANDY
JULY 2025 (2016/2017 REPEAT BATCH),114,TH JAFFNA
JULY 2025 (2016/2017 REPEAT BATCH),115,TH KALUTARA
JULY 2025 (2016/2017 REPEAT BATCH),116,TH KALUTARA
JULY 2025 (2016/2017 REPEAT BATCH),117,TH KALUTARA
JULY 2025 (2016/2017 REPEAT BATCH),118,BH TANGALLE
JULY 2025 (2016/2017 REPEAT BATCH),119,NOT APPLIED
JULY 2025 (2016/2017 REPEAT BATCH),120,DGH MATARA
JULY 2025 (2016/2017 REPEAT BATCH),121,UNIVERSITY HOSPITAL KDU
JULY 2025 (2016/2017 REPEAT BATCH),122,TH RATHNAPURA
JULY 2025 (2016/2017 REPEAT BATCH),123,TH KANDY
JULY 2025 (2016/2017 REPEAT BATCH),124,BH MAWANELLA
JULY 2025 (2016/2017 REPEAT BATCH),125,GALLE GROUP
JULY 2025 (2016/2017 REPEAT BATCH),126,DGH POLONNARUWA
JULY 2025 (2016/2017 REPEAT BATCH),127,UNIVERSITY HOSPITAL KDU
JULY 2025 (2016/2017 REPEAT BATCH),128,UNIVERSITY HOSPITAL KDU
JULY 2025 (2016/2017 REPEAT BATCH),129,COLOMBO GROUP
JULY 2025 (2016/2017 REPEAT BATCH),130,TH BADULLA
JULY 2025 (2016/2017 REPEAT BATCH),131,TH RATHNAPURA
JULY 2025 (2016/2017 REPEAT BATCH),132,BH PANADURA
JULY 2025 (2016/2017 REPEAT BATCH),133,UNIVERSITY HOSPITAL KDU
JULY 2025 (2016/2017 REPEAT BATCH),134,DGH GAMPAHA
JULY 2025 (2016/2017 REPEAT BATCH),135,DGH MATALE
JULY 2025 (2016/2017 REPEAT BATCH),136,TH BADULLA
JULY 2025 (2016/2017 REPEAT BATCH),137,DGH AWISSAWELLA
JULY 2025 (2016/2017 REPEAT BATCH),138,TH BADULLA
JULY 2025 (2016/2017 REPEAT BATCH),139,BH KULIYAPITIYA
JULY 2025 (2016/2017 REPEAT BATCH),140,TH JAFFNA
JULY 2025 (2016/2017 REPEAT BATCH),141,DGH GAMPAHA
JULY 2025 (2016/2017 REPEAT BATCH),142,GALLE GROUP
JULY 2025 (2016/2017 REPEAT BATCH),143,GALLE GROUP
JULY 2025 (2016/2017 REPEAT BATCH),144,COLOMBO GROUP
JULY 2025 (2016/2017 REPEAT BATCH),145,DGH TRINCOMALEE
JULY 2025 (2016/2017 REPEAT BATCH),146,UNIVERSITY HOSPITAL KDU
JULY 2025 (2016/2017 REPEAT BATCH),147,TH BADULLA
JULY 2025 (2016/2017 REPEAT BATCH),148,TH RATHNAPURA
JULY 2025 (2016/2017 REPEAT BATCH),149,TH KALUTHARA
JULY 2025 (2016/2017 REPEAT BATCH),150,DGH NUWARAELIYA
JULY 2025 (2016/2017 REPEAT BATCH),151,TH KALUTARA
JULY 2025 (2016/2017 REPEAT BATCH),152,DGH MATARA
JULY 2025 (2016/2017 REPEAT BATCH),153,TH KURUNEGALA
JULY 2025 (2016/2017 REPEAT BATCH),154,BH BALANGODA
JULY 2025 (2016/2017 REPEAT BATCH),155,TH KURUNEGALA
JULY 2025 (2016/2017 REPEAT BATCH),156,DGH HAMBANTOTA
JULY 2025 (2016/2017 REPEAT BATCH),157,TH KALUTARA
JULY 2025 (2016/2017 REPEAT BATCH),158,TH KALUTARA
JULY 2025 (2016/2017 REPEAT BATCH),159,TH RATHNAPURA
JULY 2025 (2016/2017 REPEAT BATCH),160,BH KARAWANELLA
JULY 2025 (2016/2017 REPEAT BATCH),161,TH KALUTARA
JULY 2025 (2016/2017 REPEAT BATCH),162,DGH GAMPAHA
JULY 2025 (2016/2017 REPEAT BATCH),163,BH ELPITIYA
JULY 2025 (2016/2017 REPEAT BATCH),164,TH RATHNAPURA
JULY 2025 (2016/2017 REPEAT BATCH),165,DGH CHILLAW
JULY 2025 (2016/2017 REPEAT BATCH),166,DGH NEGOMBO
JULY 2025 (2016/2017 REPEAT BATCH),167,TH BADULLA
JULY 2025 (2016/2017 REPEAT BATCH),168,DGH CHILLAW
JULY 2025 (2016/2017 REPEAT BATCH),169,BH BALANGODA
JULY 2025 (2016/2017 REPEAT BATCH),170,DGH MATALE
JULY 2025 (2016/2017 REPEAT BATCH),171,DGH MATARA
JULY 2025 (2016/2017 REPEAT BATCH),172,DGH HORANA
JULY 2025 (2016/2017 REPEAT BATCH),173,DGH EMBILIPITIYA
JULY 2025 (2016/2017 REPEAT BATCH),174,BH GAMPOLA
JULY 2025 (2016/2017 REPEAT BATCH),175,GALLE GROUP
JULY 2025 (2016/2017 REPEAT BATCH),176,BH KARAWANELLA
JULY 2025 (2016/2017 REPEAT BATCH),177,TH KALUTARA
JULY 2025 (2016/2017 REPEAT BATCH),178,TH BADULLA
JULY 2025 (2016/2017 REPEAT BATCH),179,GALLE GROUP
JULY 2025 (2016/2017 REPEAT BATCH),180,TH KALUTARA
JULY 2025 (2016/2017 REPEAT BATCH),181,DGH NUWARAELIYA
JULY 2025 (2016/2017 REPEAT BATCH),182,DGH POLONNARUWA
JULY 2025 (2016/2017 REPEAT BATCH),183,GALLE GROUP
JULY 2025 (2016/2017 REPEAT BATCH),184,CNTH RAGAMA
JULY 2025 (2016/2017 REPEAT BATCH),185,BH ELPITIYA
JULY 2025 (2016/2017 REPEAT BATCH),186,TH KALUTARA
JULY 2025 (2016/2017 REPEAT BATCH),187,COLOMBO GROUP
JULY 2025 (2016/2017 REPEAT BATCH),188,TH KURUNEGALA
JULY 2025 (2016/2017 REPEAT BATCH),189,BH DICKOYA
JULY 2025 (2016/2017 REPEAT BATCH),190,TH JAFFNA
JULY 2025 (2016/2017 REPEAT BATCH),191,TH BATTICALOA
JULY 2025 (2016/2017 REPEAT BATCH),192,DGH NEGOMBO
JULY 2025 (2016/2017 REPEAT BATCH),193,DGH MATALE
JULY 2025 (2016/2017 REPEAT BATCH),194,CNTH RAGAMA
JULY 2025 (2016/2017 REPEAT BATCH),195,BH MAWANELLA
JULY 2025 (2016/2017 REPEAT BATCH),196,DGH HORANA
JULY 2025 (2016/2017 REPEAT BATCH),197,BH ELPITIYA
JULY 2025 (2016/2017 REPEAT BATCH),198,BH THAMBUTHTHEGAMA
JULY 2025 (2016/2017 REPEAT BATCH),199,TH BATTICALOA
JULY 2025 (2016/2017 REPEAT BATCH),200,GALLE GROUP
JULY 2025 (2016/2017 REPEAT BATCH),201,UNIVERSITY HOSPITAL KDU
JULY 2025 (2016/2017 REPEAT BATCH),202,BH MARAWILA
JULY 2025 (2016/2017 REPEAT BATCH),203,DGH HAMBANTOTA
JULY 2025 (2016/2017 REPEAT BATCH),204,DGH AMPARA
JULY 2025 (2016/2017 REPEAT BATCH),205,DGH HAMBANTOTA
JULY 2025 (2016/2017 REPEAT BATCH),206,BH GAMPOLA
JULY 2025 (2016/2017 REPEAT BATCH),207,COLOMBO GROUP
JULY 2025 (2016/2017 REPEAT BATCH),208,NOT APPLIED
JULY 2025 (2016/2017 REPEAT BATCH),209,UNIVERSITY HOSPITAL KDU
JULY 2025 (2016/2017 REPEAT BATCH),210,DGH HORANA
JULY 2025 (2016/2017 REPEAT BATCH),211,BH MARAWILA
JULY 2025 (2016/2017 REPEAT BATCH),212,DGH AWISSAWELLA
JULY 2025 (2016/2017 REPEAT BATCH),213,DGH HAMBANTOTA
JULY 2025 (2016/2017 REPEAT BATCH),214,DGH AMPARA
JULY 2025 (2016/2017 REPEAT BATCH),215,BH DIYATALAWA
JULY 2025 (2016/2017 REPEAT BATCH),216,BH KAMBURUPITIYA
JULY 2025 (2016/2017 REPEAT BATCH),217,COLOMBO GROUP
JULY 2025 (2016/2017 REPEAT BATCH),218,BH GAMPOLA
JULY 2025 (2016/2017 REPEAT BATCH),219,DGH GAMPAHA
JULY 2025 (2016/2017 REPEAT BATCH),220,COLOMBO GROUP
JULY 2025 (2016/2017 REPEAT BATCH),221,PERADENIYA GROUP
JULY 2025 (2016/2017 REPEAT BATCH),222,BH MAWANELLA
JULY 2025 (2016/2017 REPEAT BATCH),223,DGH AMPARA
JULY 2025 (2016/2017 REPEAT BATCH),224,BH BALAPITIYA
JULY 2025 (2016/2017 REPEAT BATCH),225,BH BALAPITIYA
JULY 2025 (2016/2017 REPEAT BATCH),226,BH DAMBULLA
JULY 2025 (2016/2017 REPEAT BATCH),227,BH MAWANELLA
JULY 2025 (2016/2017 REPEAT BATCH),228,BH KAMBURUPITIYA
JULY 2025 (2016/2017 REPEAT BATCH),229,TH JAFFNA
JULY 2025 (2016/2017 REPEAT BATCH),230,BH DAMBULLA
JULY 2025 (2016/2017 REPEAT BATCH),231,BH KAHAWATTA
JULY 2025 (2016/2017 REPEAT BATCH),232,BH KARAWANELLA
JULY 2025 (2016/2017 REPEAT BATCH),233,TH ANURADHAPURA
JULY 2025 (2016/2017 REPEAT BATCH),234,COLOMBO GROUP
JULY 2025 (2016/2017 REPEAT BATCH),235,BH PANADURA
JULY 2025 (2016/2017 REPEAT BATCH),236,COLOMBO GROUP
JULY 2025 (2016/2017 REPEAT BATCH),237,DGH GAMPAHA
JULY 2025 (2016/2017 REPEAT BATCH),238,BH KARAWANELLA
JULY 2025 (2016/2017 REPEAT BATCH),239,TH KALUTARA
JULY 2025 (2016/2017 REPEAT BATCH),240,BH ELPITIYA
JULY 2025 (2016/2017 REPEAT BATCH),241,BH KARAWANELLA
JULY 2025 (2016/2017 REPEAT BATCH),242,BH KARAWANELLA
JULY 2025 (2016/2017 REPEAT BATCH),243,COLOMBO GROUP
JULY 2025 (2016/2017 REPEAT BATCH),244,DGH KILINOCHCHI
JULY 2025 (2016/2017 REPEAT BATCH),245,DGH NAWALAPITIYA
JULY 2025 (2016/2017 REPEAT BATCH),246,DGH NAWALAPITIYA
JULY 2025 (2016/2017 REPEAT BATCH),247,TH RATHNAPURA
JULY 2025 (2016/2017 REPEAT BATCH),248,BH NIKAWARATIYA
JULY 2025 (2016/2017 REPEAT BATCH),249,BH BALAPITIYA
JULY 2025 (2016/2017 REPEAT BATCH),250,COLOMBO GROUP
JULY 2025 (2016/2017 REPEAT BATCH),251,BH BALAPITIYA
JULY 2025 (2016/2017 REPEAT BATCH),252,BH DAMBULLA
JULY 2025 (2016/2017 REPEAT BATCH),253,BH NIKAWARATIYA
JULY 2025 (2016/2017 REPEAT BATCH),254,BH TANGALLE
JULY 2025 (2016/2017 REPEAT BATCH),255,DGH POLONNARUWA
JULY 2025 (2016/2017 REPEAT BATCH),256,CNTH RAGAMA
JULY 2025 (2016/2017 REPEAT BATCH),257,COLOMBO GROUP
JULY 2025 (2016/2017 REPEAT BATCH),258,BH GAMPOLA
JULY 2025 (2016/2017 REPEAT BATCH),259,BH GAMPOLA
JULY 2025 (2016/2017 REPEAT BATCH),260,BH BALAPITIYA
JULY 2025 (2016/2017 REPEAT BATCH),261,TH JAFFNA
JULY 2025 (2016/2017 REPEAT BATCH),262,BH KAHAWATTA
JULY 2025 (2016/2017 REPEAT BATCH),263,TH JAFFNA
JULY 2025 (2016/2017 REPEAT BATCH),264,BH MAHIYANGANAYA
JULY 2025 (2016/2017 REPEAT BATCH),265,DGH AWISSAWELLA
JULY 2025 (2016/2017 REPEAT BATCH),266,BH HOMAGAMA
JULY 2025 (2016/2017 REPEAT BATCH),267,TH BATTICALOA
JULY 2025 (2016/2017 REPEAT BATCH),268,TH BATTICALOA
JULY 2025 (2016/2017 REPEAT BATCH),269,COLOMBO GROUP
JULY 2025 (2016/2017 REPEAT BATCH),270,DGH POLONNARUWA
JULY 2025 (2016/2017 REPEAT BATCH),271,COLOMBO GROUP
JULY 2025 (2016/2017 REPEAT BATCH),272,DGH VAVUNIYA
JULY 2025 (2016/2017 REPEAT BATCH),273,TH RATHNAPURA
JULY 2025 (2016/2017 REPEAT BATCH),274,BH MARAWILA
JULY 2025 (2016/2017 REPEAT BATCH),275,DGH AMPARA
JULY 2025 (2016/2017 REPEAT BATCH),276,BH GAMPOLA
JULY 2025 (2016/2017 REPEAT BATCH),277,COLOMBO GROUP
JULY 2025 (2016/2017 REPEAT BATCH),278,COLOMBO GROUP
JULY 2025 (2016/2017 REPEAT BATCH),279,DGH KILINOCHCHI
JULY 2025 (2016/2017 REPEAT BATCH),280,TH KALUTARA
JULY 2025 (2016/2017 REPEAT BATCH),281,DGH NAWALAPITIYA
JULY 2025 (2016/2017 REPEAT BATCH),282,DGH CHILLAW
JULY 2025 (2016/2017 REPEAT BATCH),283,PERADENIYA GROUP
JULY 2025 (2016/2017 REPEAT BATCH),284,DGH MATALE
JULY 2025 (2016/2017 REPEAT BATCH),285,DGH HORANA
JULY 2025 (2016/2017 REPEAT BATCH),286,TH JAFFNA
JULY 2025 (2016/2017 REPEAT BATCH),287,BH KAHAWATTA
JULY 2025 (2016/2017 REPEAT BATCH),288,DGH MATARA
JULY 2025 (2016/2017 REPEAT BATCH),289,DGH HORANA
JULY 2025 (2016/2017 REPEAT BATCH),290,DGH NEGOMBO
JULY 2025 (2016/2017 REPEAT BATCH),291,DGH GAMPAHA
JULY 2025 (2016/2017 REPEAT BATCH),292,TH RATHNAPURA
JULY 2025 (2016/2017 REPEAT BATCH),293,BH KARAWANELLA
JULY 2025 (2016/2017 REPEAT BATCH),294,TH KALUTARA
JULY 2025 (2016/2017 REPEAT BATCH),295,BH ELPITIYA
JULY 2025 (2016/2017 REPEAT BATCH),296,PERADENIYA GROUP
JULY 2025 (2016/2017 REPEAT BATCH),297,PERADENIYA GROUP
JULY 2025 (2016/2017 REPEAT BATCH),298,TH KALUTARA
JULY 2025 (2016/2017 REPEAT BATCH),299,TH KALUTARA
JULY 2025 (2016/2017 REPEAT BATCH),300,BH DICKOYA
JULY 2025 (2016/2017 REPEAT BATCH),301,BH DICKOYA
JULY 2025 (2016/2017 REPEAT BATCH),302,BH TANGALLE
JULY 2025 (2016/2017 REPEAT BATCH),303,BH KAHAWATTA
JULY 2025 (2016/2017 REPEAT BATCH),304,BH MAHIYANGANAYA
JULY 2025 (2016/2017 REPEAT BATCH),305,BH HOMAGAMA
JULY 2025 (2016/2017 REPEAT BATCH),306,BH MAHIYANGANAYA
JULY 2025 (2016/2017 REPEAT BATCH),307,BH KAMBURUPITIYA
JULY 2025 (2016/2017 REPEAT BATCH),308,BH MAWANELLA
JULY 2025 (2016/2017 REPEAT BATCH),309,BH MAHIYANGANAYA
JULY 2025 (2016/2017 REPEAT BATCH),310,BH PANADURA
JULY 2025 (2016/2017 REPEAT BATCH),311,TH KALUTARA
JULY 2025 (2016/2017 REPEAT BATCH),312,TH BADULLA
JULY 2025 (2016/2017 REPEAT BATCH),313,BH THAMBUTHTHEGAMA
JULY 2025 (2016/2017 REPEAT BATCH),314,TH KALUTARA
JULY 2025 (2016/2017 REPEAT BATCH),315,BH PUTTALAM
JULY 2025 (2016/2017 REPEAT BATCH),316,DGH NEGOMBO
JULY 2025 (2016/2017 REPEAT BATCH),317,BH PANADURA
JULY 2025 (2016/2017 REPEAT BATCH),318,BH MAWANELLA
JULY 2025 (2016/2017 REPEAT BATCH),319,BH MARAWILA
JULY 2025 (2016/2017 REPEAT BATCH),320,BH NIKAWARATIYA
JULY 2025 (2016/2017 REPEAT BATCH),321,DGH MONARAGALA
JULY 2025 (2016/2017 REPEAT BATCH),322,DGH POLONNARUWA
JULY 2025 (2016/2017 REPEAT BATCH),323,BH GAMPOLA
JULY 2025 (2016/2017 REPEAT BATCH),324,BH MARAWILA
JULY 2025 (2016/2017 REPEAT BATCH),325,TH RATHNAPURA
JULY 2025 (2016/2017 REPEAT BATCH),326,BH HOMAGAMA
JULY 2025 (2016/2017 REPEAT BATCH),327,BH DICKOYA
JULY 2025 (2016/2017 REPEAT BATCH),328,BH PANADURA
JULY 2025 (2016/2017 REPEAT BATCH),329,TH RATHNAPURA
JULY 2025 (2016/2017 REPEAT BATCH),330,DGH NUWARAELIYA
JULY 2025 (2016/2017 REPEAT BATCH),331,BH DICKOYA
JULY 2025 (2016/2017 REPEAT BATCH),332,DGH NUWARAELIYA
JULY 2025 (2016/2017 REPEAT BATCH),333,NOT APPLIED
JULY 2025 (2016/2017 REPEAT BATCH),334,DGH NAWALAPITIYA
JULY 2025 (2016/2017 REPEAT BATCH),335,DGH KILINOCHCHI
JULY 2025 (2016/2017 REPEAT BATCH),336,DGH MATALE
JULY 2025 (2016/2017 REPEAT BATCH),337,GALLE GROUP
JULY 2025 (2016/2017 REPEAT BATCH),338,BH DAMBULLA
JULY 2025 (2016/2017 REPEAT BATCH),339,DGH KILINOCHCHI
JULY 2025 (2016/2017 REPEAT BATCH),340,BH KAHAWATTA
JULY 2025 (2016/2017 REPEAT BATCH),341,BH POINT PADRO
JULY 2025 (2016/2017 REPEAT BATCH),342,DGH AWISSAWELLA
JULY 2025 (2016/2017 REPEAT BATCH),343,DGH MONARAGALA
JULY 2025 (2016/2017 REPEAT BATCH),344,BH AMH KALMUNAI SOUTH
JULY 2025 (2016/2017 REPEAT BATCH),345,BH ELPITIYA
JULY 2025 (2016/2017 REPEAT BATCH),346,GALLE GROUP
JULY 2025 (2016/2017 REPEAT BATCH),347,BH BALAPITIYA
JULY 2025 (2016/2017 REPEAT BATCH),348,DGH POLONNARUWA
JULY 2025 (2016/2017 REPEAT BATCH),349,BH PUTTALAM
JULY 2025 (2016/2017 REPEAT BATCH),350,BH WATHUPITIWALA
JULY 2025 (2016/2017 REPEAT BATCH),351,DGH NUWARAELIYA
JULY 2025 (2016/2017 REPEAT BATCH),352,BH DICKOYA
JULY 2025 (2016/2017 REPEAT BATCH),353,DGH MONARAGALA
JULY 2025 (2016/2017 REPEAT BATCH),354,GALLE GROUP
JULY 2025 (2016/2017 REPEAT BATCH),355,BH KAHAWATTA
JULY 2025 (2016/2017 REPEAT BATCH),356,GALLE GROUP
JULY 2025 (2016/2017 REPEAT BATCH),357,BH MAHIYANGANAYA
JULY 2025 (2016/2017 REPEAT BATCH),358,DGH AWISSAWELLA
JULY 2025 (2016/2017 REPEAT BATCH),359,BH ELPITIYA
JULY 2025 (2016/2017 REPEAT BATCH),360,TH RATHNAPURA
JULY 2025 (2016/2017 REPEAT BATCH),361,BH MAWANELLA
JULY 2025 (2016/2017 REPEAT BATCH),362,BH KULIYAPITIYA
JULY 2025 (2016/2017 REPEAT BATCH),363,TH RATHNAPURA
JULY 2025 (2016/2017 REPEAT BATCH),364,BH GAMPOLA
JULY 2025 (2016/2017 REPEAT BATCH),365,BH KAMBURUPITIYA
JULY 2025 (2016/2017 REPEAT BATCH),366,BH MAHIYANGANAYA
JULY 2025 (2016/2017 REPEAT BATCH),367,BH KAHAWATTA
JULY 2025 (2016/2017 REPEAT BATCH),368,DGH KEGALLE
JULY 2025 (2016/2017 REPEAT BATCH),369,DGH POLONNARUWA
JULY 2025 (2016/2017 REPEAT BATCH),370,DGH TRINCOMALEE
JULY 2025 (2016/2017 REPEAT BATCH),371,BH AKKRAIPATTU
JULY 2025 (2016/2017 REPEAT BATCH),372,TH JAFFNA
JULY 2025 (2016/2017 REPEAT BATCH),373,TH RATHNAPURA
JULY 2025 (2016/2017 REPEAT BATCH),374,NOT APPLIED
JULY 2025 (2016/2017 REPEAT BATCH),375,BH THAMBUTHTHEGAMA
JULY 2025 (2016/2017 REPEAT BATCH),376,BH KAHAWATTA
JULY 2025 (2016/2017 REPEAT BATCH),377,BH BALANGODA
JULY 2025 (2016/2017 REPEAT BATCH),378,DGH HAMBANTOTA
JULY 2025 (2016/2017 REPEAT BATCH),379,BH GAMPOLA
JULY 2025 (2016/2017 REPEAT BATCH),380,BH KAHAWATTA
JULY 2025 (2016/2017 REPEAT BATCH),381,DGH KILINOCHCHI
JULY 2025 (2016/2017 REPEAT BATCH),382,BH WATHUPITIWALA
JULY 2025 (2016/2017 REPEAT BATCH),383,TH RATHNAPURA
JULY 2025 (2016/2017 REPEAT BATCH),384,BH DAMBULLA
JULY 2025 (2016/2017 REPEAT BATCH),385,TH RATHNAPURA
JULY 2025 (2016/2017 REPEAT BATCH),386,DGH MONARAGALA
JULY 2025 (2016/2017 REPEAT BATCH),387,TH BADULLA
JULY 2025 (2016/2017 REPEAT BATCH),388,BH MAWANELLA
JULY 2025 (2016/2017 REPEAT BATCH),389,DGH KEGALLE
JULY 2025 (2016/2017 REPEAT BATCH),390,DGH KEGALLE
JULY 2025 (2016/2017 REPEAT BATCH),391,BH PUTTALAM
JULY 2025 (2016/2017 REPEAT BATCH),392,DGH POLONNARUWA
JULY 2025 (2016/2017 REPEAT BATCH),393,BH BALANGODA
JULY 2025 (2016/2017 REPEAT BATCH),394,BH MAWANELLA
JULY 2025 (2016/2017 REPEAT BATCH),395,BH MAHIYANGANAYA
JULY 2025 (2016/2017 REPEAT BATCH),396,BH KULIYAPITIYA
JULY 2025 (2016/2017 REPEAT BATCH),397,BH KAMBURUPITIYA
JULY 2025 (2016/2017 REPEAT BATCH),398,BH MARAWILA
JULY 2025 (2016/2017 REPEAT BATCH),399,DGH NUWARAELIYA
JULY 2025 (2016/2017 REPEAT BATCH),400,BH PUTTALAM
JULY 2025 (2016/2017 REPEAT BATCH),401,BH MAWANELLA
JULY 2025 (2016/2017 REPEAT BATCH),402,DGH MATARA
JULY 2025 (2016/2017 REPEAT BATCH),403,DGH HAMBANTOTA
JULY 2025 (2016/2017 REPEAT BATCH),404,DGH KILINOCHCHI
JULY 2025 (2016/2017 REPEAT BATCH),405,BH NIKAWARATIYA
JULY 2025 (2016/2017 REPEAT BATCH),406,DGH VAVUNIYA
JULY 2025 (2016/2017 REPEAT BATCH),407,TH ANURADHAPURA
JULY 2025 (2016/2017 REPEAT BATCH),408,NOT APPLIED
JULY 2025 (2016/2017 REPEAT BATCH),409,BH THAMBUTHTHEGAMA
JULY 2025 (2016/2017 REPEAT BATCH),410,BH THAMBUTHTHEGAMA
JULY 2025 (2016/2017 REPEAT BATCH),411,TH RATHNAPURA
JULY 2025 (2016/2017 REPEAT BATCH),412,BH AMH KALMUNAI SOUTH
JULY 2025 (2016/2017 REPEAT BATCH),413,DGH NAWALAPITIYA
JULY 2025 (2016/2017 REPEAT BATCH),414,BH DAMBULLA
JULY 2025 (2016/2017 REPEAT BATCH),415,BH DHMBULLA
JULY 2025 (2016/2017 REPEAT BATCH),416,BH POINT PADRO
JULY 2025 (2016/2017 REPEAT BATCH),417,DGH MATARA
JULY 2025 (2016/2017 REPEAT BATCH),418,BH KARAWANELLA
JULY 2025 (2016/2017 REPEAT BATCH),419,BH MAWANELLA
JULY 2025 (2016/2017 REPEAT BATCH),420,TH ANURADHAPURA
JULY 2025 (2016/2017 REPEAT BATCH),421,BH KAHAWATTA
JULY 2025 (2016/2017 REPEAT BATCH),422,DGH HAMBANTOTA
JULY 2025 (2016/2017 REPEAT BATCH),423,DGH TRINCOMALEE
JULY 2025 (2016/2017 REPEAT BATCH),424,BH NIKAWARATIYA
JULY 2025 (2016/2017 REPEAT BATCH),425,BH DIYATALAWA
JULY 2025 (2016/2017 REPEAT BATCH),426,DGH NUWARAELIYA
JULY 2025 (2016/2017 REPEAT BATCH),427,DGH NUWARAELIYA
JULY 2025 (2016/2017 REPEAT BATCH),428,DGH EMBILIPITIYA
JULY 2025 (2016/2017 REPEAT BATCH),429,BH ELPITIYA
JULY 2025 (2016/2017 REPEAT BATCH),430,DGH VAVUNIYA
JULY 2025 (2016/2017 REPEAT BATCH),431,DGH HAMBANTOTA
JULY 2025 (2016/2017 REPEAT BATCH),432,NOT APPLIED
JULY 2025 (2016/2017 REPEAT BATCH),433,BH TANGALLE
JULY 2025 (2016/2017 REPEAT BATCH),434,DGH EMBILIPITIYA
JULY 2025 (2016/2017 REPEAT BATCH),435,BH DIYATALAWA
JULY 2025 (2016/2017 REPEAT BATCH),436,NOT APPLIED
JULY 2025 (2016/2017 REPEAT BATCH),437,BH NIKAWARATIYA
JULY 2025 (2016/2017 REPEAT BATCH),438,BH DAMBULLA
JULY 2025 (2016/2017 REPEAT BATCH),439,TH ANURADHAPURA
JULY 2025 (2016/2017 REPEAT BATCH),440,BH TANGALLE
JULY 2025 (2016/2017 REPEAT BATCH),441,BH DAMBULLA
JULY 2025 (2016/2017 REPEAT BATCH),442,BH THAMBUTHTHEGAMA
JULY 2025 (2016/2017 REPEAT BATCH),443,BH DICKOYA
JULY 2025 (2016/2017 REPEAT BATCH),444,BH DIYATALAWA
JULY 2025 (2016/2017 REPEAT BATCH),445,DGH KILINOCHCHI
JULY 2025 (2016/2017 REPEAT BATCH),446,DGH HAMBANTOTA
JULY 2025 (2016/2017 REPEAT BATCH),447,DGH NAWALAPITIYA
JULY 2025 (2016/2017 REPEAT BATCH),448,TH BATTICALOA
JULY 2025 (2016/2017 REPEAT BATCH),449,DGH MONARAGALA
JULY 2025 (2016/2017 REPEAT BATCH),450,BH TANGALLE
JULY 2025 (2016/2017 REPEAT BATCH),451,BH BALANGODA
JULY 2025 (2016/2017 REPEAT BATCH),452,DGH EMBILIPITIYA
JULY 2025 (2016/2017 REPEAT BATCH),453,TH BATTICALOA
JULY 2025 (2016/2017 REPEAT BATCH),454,DGH MONARAGALA
JULY 2025 (2016/2017 REPEAT BATCH),455,DGH TRINCOMALEE
JULY 2025 (2016/2017 REPEAT BATCH),456,BH PUTTALAM
JULY 2025 (2016/2017 REPEAT BATCH),457,DGH KILINOCHCHI
JULY 2025 (2016/2017 REPEAT BATCH),458,BH THAMBUTHTHEGAMA
JULY 2025 (2016/2017 REPEAT BATCH),459,BH DIYATALAWA
JULY 2025 (2016/2017 REPEAT BATCH),460,BH DAMBULLA
JULY 2025 (2016/2017 REPEAT BATCH),461,DGH HAMBANTOTA
JULY 2025 (2016/2017 REPEAT BATCH),462,NOT APPLIED
JULY 2025 (2016/2017 REPEAT BATCH),463,DGH EMBILIPITIYA
JULY 2025 (2016/2017 REPEAT BATCH),464,DGH TRINCOMALEE
JULY 2025 (2016/2017 REPEAT BATCH),465,BH DICKOYA
JULY 2025 (2016/2017 REPEAT BATCH),466,BH THAMBUTHTHEGAMA
JULY 2025 (2016/2017 REPEAT BATCH),467,BH MAHIYANGANAYA
JULY 2025 (2016/2017 REPEAT BATCH),468,DGH AMPARA
JULY 2025 (2016/2017 REPEAT BATCH),469,DGH AMPARA
JULY 2025 (2016/2017 REPEAT BATCH),470,DGH KILINOCHCHI
JULY 2025 (2016/2017 REPEAT BATCH),471,BH DICKOYA
JULY 2025 (2016/2017 REPEAT BATCH),472,DGH KILINOCHCHI
JULY 2025 (2016/2017 REPEAT BATCH),473,BH DICKOYA
JULY 2025 (2016/2017 REPEAT BATCH),474,DGH VAVUNIYA
JULY 2025 (2016/2017 REPEAT BATCH),475,BH MAHIYANGANAYA
JULY 2025 (2016/2017 REPEAT BATCH),476,DGH KILINOCHCHI
JULY 2025 (2016/2017 REPEAT BATCH),477,DGH VAVUNIYA
JULY 2025 (2016/2017 REPEAT BATCH),478,BH MAHIYANGANAYA
JULY 2025 (2016/2017 REPEAT BATCH),479,DGH AMPARA
JULY 2025 (2016/2017 REPEAT BATCH),480,BH AKKRAIPATTU
JULY 2025 (2016/2017 REPEAT BATCH),481,TH BATTICALOA
JULY 2025 (2016/2017 REPEAT BATCH),482,DGH AMPARA
JULY 2025 (2016/2017 REPEAT BATCH),483,DGH AMPARA
JULY 2025 (2016/2017 REPEAT BATCH),484,BH POINT PADRO
JULY 2025 (2016/2017 REPEAT BATCH),485,DGH AMPARA
JULY 2025 (2016/2017 REPEAT BATCH),486,DGH KILINOCHCHI
JULY 2025 (2016/2017 REPEAT BATCH),487,BH KALMUNAI (NORTH)
JULY 2025 (2016/2017 REPEAT BATCH),488,BH AKKRAIPATTU
JULY 2025 (2016/2017 REPEAT BATCH),489,DGH VAVUNIYA
JULY 2025 (2016/2017 REPEAT BATCH),490,TH BATTICALOA
JULY 2025 (2016/2017 REPEAT BATCH),491,TH BATTICALOA
JULY 2025 (2016/2017 REPEAT BATCH),492,DGH KILINOCHCHI
JULY 2025 (2016/2017 REPEAT BATCH),493,TH JAFFNA
JULY 2025 (2016/2017 REPEAT BATCH),494,TH BATTICALOA
JULY 2025 (2016/2017 REPEAT BATCH),495,BH AMH KALMUNAI SOUTH
JULY 2025 (2016/2017 REPEAT BATCH),496,TH BATTICALOA
JULY 2025 (2016/2017 REPEAT BATCH),497,BH AKKRAIPATTU
JULY 2025 (2016/2017 REPEAT BATCH),498,TH BATTICALOA
JULY 2025 (2016/2017 REPEAT BATCH),499,BH AKKRAIPATTU
JULY 2025 (2016/2017 REPEAT BATCH),500,TH BATTICALOA
JULY 2025 (2016/2017 REPEAT BATCH),501,TH JAFFNA
JULY 2025 (2016/2017 REPEAT BATCH),502,BH KALMUNAI (NORTH)
JULY 2025 (2016/2017 REPEAT BATCH),503,TH BATTICALOA
JULY 2025 (2016/2017 REPEAT BATCH),504,TH BATTICALOA
JULY 2025 (2016/2017 REPEAT BATCH),505,DGH KILINOCHCHI
JULY 2025 (2016/2017 REPEAT BATCH),506,DGH KILINOCHCHI
JULY 2025 (2016/2017 REPEAT BATCH),507,TH BATTICALOA
JULY 2025 (2016/2017 REPEAT BATCH),508,TH BATTICALOA
JULY 2025 (2016/2017 REPEAT BATCH),509,BH AKKRAIPATTU
JULY 2025 (2016/2017 REPEAT BATCH),510,DGH KILINOCHCHI
JULY 2025 (2016/2017 REPEAT BATCH),511,BH THELIPALAI
JULY 2025 (2016/2017 REPEAT BATCH),512,BH KALMUNAI (NORTH)
JULY 2025 (2016/2017 REPEAT BATCH),513,TH JAFFNA
JULY 2025 (2016/2017 REPEAT BATCH),514,BH POINT PADRO
JULY 2025 (2016/2017 REPEAT BATCH),515,BH AMH KALMUNAI SOUTH
JULY 2025 (2016/2017 REPEAT BATCH),516,BH POINT PADRO
JULY 2025 (2016/2017 REPEAT BATCH),517,TH JAFFNA
JULY 2025 (2016/2017 REPEAT BATCH),518,BH THELIPALAI
JULY 2025 (2016/2017 REPEAT BATCH),519,BH AMH KALMUNAI SOUTH
JULY 2025 (2016/2017 REPEAT BATCH),520,BH POINT PADRO
JULY 2025 (2016/2017 REPEAT BATCH),521,TH JAFFNA
JULY 2025 (2016/2017 REPEAT BATCH),522,BH AKKRAIPATTU
JULY 2025 (2016/2017 REPEAT BATCH),523,TH JAFFNA
JULY 2025 (2016/2017 REPEAT BATCH),524,TH JAFFNA
JULY 2025 (2016/2017 REPEAT BATCH),525,BH AKKRAIPATTU
JULY 2025 (2016/2017 REPEAT BATCH),526,BH KALMUNAI (NORTH)
JULY 2025 (2016/2017 REPEAT BATCH),527,TH JAFFNA
JULY 2025 (2016/2017 REPEAT BATCH),528,TH JAFFNA
JULY 2025 (2016/2017 REPEAT BATCH),529,BH KALMUNAI (NORTH)
JULY 2025 (2016/2017 REPEAT BATCH),530,BH POINT PADRO
JULY 2025 (2016/2017 REPEAT BATCH),531,BH POINT PADRO
JULY 2025 (2016/2017 REPEAT BATCH),532,BH POINT PADRO
JULY 2025 (2016/2017 REPEAT BATCH),533,BH KALMUNAI (NORTH)
JULY 2025 (2016/2017 REPEAT BATCH),534,BH THELIPALAI
JULY 2025 (2016/2017 REPEAT BATCH),535,BH AMH KALMUNAI SOUTH
JULY 2025 (2016/2017 REPEAT BATCH),536,BH KALMUNAI (NORTH)
JULY 2025 (2016/2017 REPEAT BATCH),537,BH POINT PADRO
JULY 2025 (2016/2017 REPEAT BATCH),538,BH POINT PADRO
JULY 2025 (2016/2017 REPEAT BATCH),539,BH AMH KALMUNAI SOUTH
JULY 2025 (2016/2017 REPEAT BATCH),540,BH POINT PADRO
JULY 2025 (2016/2017 REPEAT BATCH),541,BH THELIPALAI
JULY 2025 (2016/2017 REPEAT BATCH),542,BH THELIPALAI
JULY 2025 (2016/2017 REPEAT BATCH),543,BH POINT PADRO
JULY 2025 (2016/2017 REPEAT BATCH),544,BH THELIPALAI
JULY 2025 (2016/2017 REPEAT BATCH),545,BH THELIPALAI
